{
    "ECRAN_1_GAUCHE": {
        "yaw": -13.24241506818581,
        "pitch": -4.383646794546543,
        "monitor_idx": 0
    },
    "ECRAN_2_CENTRE": {
        "yaw": -8.22328074992615,
        "pitch": -6.409074644720808,
        "monitor_idx": 1
    },
    "ECRAN_3_HAUT": {
        "yaw": -11.053269650717745,
        "pitch": 10.096475618476159,
        "monitor_idx": 2
    },
    "ECRAN_4_DROITE": {
        "yaw": 10.288999260101837,
        "pitch": 2.706190020446665,
        "monitor_idx": 3
    }
}