{
    "ECRAN_1_GAUCHE": {
        "yaw": -12.575695144260768,
        "pitch": 0.9979857209333707,
        "monitor_idx": 0
    },
    "ECRAN_2_CENTRE": {
        "yaw": -2.861230695788939,
        "pitch": -6.117203323224178,
        "monitor_idx": 1
    },
    "ECRAN_3_HAUT": {
        "yaw": -5.734390088281883,
        "pitch": 13.201211374614537,
        "monitor_idx": 2
    },
    "ECRAN_4_DROITE": {
        "yaw": 20.915869947360253,
        "pitch": 6.042255302903548,
        "monitor_idx": 3
    }
}