{
    "ECRAN_1_GAUCHE": {
        "yaw": -13.10780929190852,
        "pitch": -0.7258533560746216,
        "monitor_idx": 0
    },
    "ECRAN_2_CENTRE": {
        "yaw": -6.891830591591116,
        "pitch": -9.38284577737474,
        "monitor_idx": 1
    },
    "ECRAN_3_HAUT": {
        "yaw": -1.927676221547561,
        "pitch": 16.086874720142053,
        "monitor_idx": 2
    },
    "ECRAN_4_DROITE": {
        "yaw": 12.028633919730787,
        "pitch": -0.8460813151524956,
        "monitor_idx": 3
    }
}